<?xml version="1.0" encoding="UTF-8"?>
<project-private xmlns="http://www.netbeans.org/ns/project-private/1">
    <editor-bookmarks xmlns="http://www.netbeans.org/ns/editor-bookmarks/2" lastBookmarkId="0"/>
    <open-files xmlns="http://www.netbeans.org/ns/projectui-open-files/2">
        <group>
            <file>file:/Users/nawrasgargouri/Desktop/EMed/src/emedicine/GUI/ConfirmBox.java</file>
            <file>file:/Users/nawrasgargouri/Desktop/EMed/src/emedicine/EMed.java</file>
            <file>file:/Users/nawrasgargouri/Desktop/EMed/src/emedicine/server/provider.java</file>
            <file>file:/Users/nawrasgargouri/Desktop/EMed/src/emedicine/GUI/Registration.java</file>
            <file>file:/Users/nawrasgargouri/Desktop/EMed/src/emedicine/server/DatabaseConnection.java</file>
            <file>file:/Users/nawrasgargouri/Desktop/EMed/src/emedicine/css/css.css</file>
            <file>file:/Users/nawrasgargouri/Desktop/EMed/src/emedicine/GUI/Login.java</file>
            <file>file:/Users/nawrasgargouri/Desktop/EMed/src/emedicine/Pharmacy.java</file>
            <file>file:/Users/nawrasgargouri/Desktop/EMed/src/emedicine/GUI/AlertBox.java</file>
            <file>file:/Users/nawrasgargouri/Desktop/EMed/src/emedicine/User.java</file>
        </group>
    </open-files>
</project-private>
